,Ticker,Denominação social,Nome de pregão,CNPJ
,AALR3,Alliar,CENTRO DE IMAGEM DIAGNOSTICOS S.A.,42771949000135
,ABCB4,Abc Brasil,BCO ABC BRASIL S.A.,28195667000106
,ABEV3,Ambev S/A,AMBEV S.A.,07526557000100
,AERI3,Aeris,AERIS IND. E COM. DE EQUIP. GERACAO DE ENERGIA S/A,12528708000107
,AESB3,AES Brasil,AES BRASIL ENERGIA S.A.,37663076000107
,AESO3,Aesoperacoes,AES BRASIL OPERAÇÕES SA ,00194724000113
,AFLT3,Afluente T,AFLUENTE TRANSMISSÃO DE ENERGIA ELÉTRICA S/A,10338320000100
,AGRO3,Brasilagro,BRASILAGRO – CIA BRAS DE PROP AGRICOLAS,07628528000159
,AGXY3,Agrogalaxy,AGROGALAXY PARTICIPAÇÕES S.A.,21240146000184
,AHEB3,SPturis,SAO PAULO TURISMO S.A.,62002886000160
,AHEB5,SPturis,SAO PAULO TURISMO S.A.,62002886000160
,AHEB6,SPturis,SAO PAULO TURISMO S.A.,62002886000160
,ALLD3,Allied,ALLIED TECNOLOGIA S.A.,20247322000147
,ALPA3,Alpargatas,ALPARGATAS S.A.,61079117000105
,ALPA4,Alpargatas,ALPARGATAS S.A.,61079117000105
,ALPK3,Estapar,ALLPARK EMPREENDIMENTOS PARTICIPACOES SERVICOS S.A,60537263000166
,ALSO3,Alianscsonae,ALIANSCE SONAE SHOPPING CENTERS S.A.,05878397000132
,ALUP11,Alupar,ALUPAR INVESTIMENTO S/A,08364948000138
,ALUP3,Alupar,ALUPAR INVESTIMENTO S/A,08364948000138
,ALUP4,Alupar,ALUPAR INVESTIMENTO S/A,08364948000138
,AMAR3,Lojas Marisa,MARISA LOJAS S.A.,61189288000189
,AMBP3,Ambipar,AMBIPAR PARTICIPACOES E EMPREENDIMENTOS S/A,12648266000124
,AMER3,Americanas,AMERICANAS S.A,00776574000156
,ANIM3,Anima,ANIMA HOLDING S.A.,09288252000132
,APER3,Alper S.A.,ALPER CONSULTORIA E CORRETORA DE SEGUROS S.A.,11721921000160
,APTI3,Aliperti,SIDERURGICA J. L. ALIPERTI S.A.,61156931000178
,APTI4,Aliperti,SIDERURGICA J. L. ALIPERTI S.A.,61156931000178
,ARML3,Armac,ARMAC LOCAÇÃO. LOGÍSTICA E SERVIÇOS S.A.,00242184000104
,ARZZ3,Arezzo Co,AREZZO INDÚSTRIA E COMÉRCIO S.A.,16590234000176
,ASAI3,Assai,SENDAS DISTRIBUIDORA S.A.,06057223000171
,ATMP3,Atmasa,ATMA PARTICIPAÇÕES S.A.,04032433000180
,ATOM3,Atompar,ATOM EMPREENDIMENTOS E PARTICIPAÇÕES S.A.,00359742000108
,AURA33,Aura 360,AURA MINERALS INC.,07857093000114
,AURE3,AUREN,AUREN ENERGIA S.A.,28594234000123
,AVLL3,Alphaville,ALPHAVILLE S.A.,16811931000100
,AZEV3,Azevedo,AZEVEDO E TRAVASSOS S.A.,61351532000168
,AZEV4,Azevedo,AZEVEDO E TRAVASSOS S.A.,61351532000168
,AZUL4,Azul,AZUL S.A.,09305994000129
,B3SA3,B3,"B3 S.A. – BRASIL, BOLSA, BALCÃO",09346601000125
,BAHI3,Bahema,BAHEMA EDUCAÇÃO S.A.,45987245000192
,BALM3,Baumer,BAUMER S.A.,61374161000130
,BALM4,Baumer,BAUMER S.A.,61374161000130
,BAUH3,Excelsior,EXCELSIOR ALIMENTOS S.A.,95426862000197
,BAUH4,Excelsior,EXCELSIOR ALIMENTOS S.A.,95426862000197
,BAZA3,Amazonia,BCO AMAZONIA S.A.,04902979000144
,BBAS3,Brasil,BCO BRASIL S.A.,00000000000191
,BBDC3,Bradesco,BCO BRADESCO S.A.,60746948000112
,BBDC4,Bradesco,BCO BRADESCO S.A.,60746948000112
,BBML3,Bbmlogistica,BBM LOGISTICA S.A.,01107327000120
,BBSE3,BBSeguridade,BB SEGURIDADE PARTICIPAÇÕES S.A.,17344597000194
,BDLL3,Bardella,BARDELLA S.A. INDUSTRIAS MECANICAS,60851615000153
,BDLL4,Bardella,BARDELLA S.A. INDUSTRIAS MECANICAS,60851615000153
,BEEF3,Minerva,MINERVA S.A.,67620377000114
,BEES3,Banestes,BANESTES S.A. – BCO EST ESPIRITO SANTO,28127603000178
,BEES4,Banestes,BANESTES S.A. – BCO EST ESPIRITO SANTO,28127603000178
,BETP3B,Betapart,BETAPART PARTICIPACOES S.A.,02762124000130
,BGIP3,Banese,BCO ESTADO DE SERGIPE S.A. – BANESE,13009717000146
,BGIP4,Banese,BCO ESTADO DE SERGIPE S.A. – BANESE,13009717000146
,BIOM3,Biomm,BIOMM S.A.,04752991000110
,BLAU3,Blau,BLAU FARMACÊUTICA S.A.,58430828000160
,BMEB3,Merc Brasil,BCO MERCANTIL DO BRASIL S.A.,17184037000110
,BMEB4,Merc Brasil,BCO MERCANTIL DO BRASIL S.A.,17184037000110
,BMGB4,Banco BMG,BANCO BMG S.A.,61186680000174
,BMIN3,Merc Invest,BCO MERCANTIL DE INVESTIMENTOS S.A.,34169557000172
,BMIN4,Merc Invest,BCO MERCANTIL DE INVESTIMENTOS S.A.,34169557000172
,BMKS3,Bic Monark,BICICLETAS MONARK S.A.,56992423000190
,BMOB3,Bemobi Tech,BEMOBI MOBILE TECH S.A.,09042817000105
,BNBR3,Nord Brasil,BCO NORDESTE DO BRASIL S.A.,07237373000120
,BOAS3,Boa Vista,BOA VISTA SERVIÇOS S.A.,11725176000127
,BOBR3,Bombril,BOMBRIL S.A.,50564053000103
,BOBR4,Bombril,BOMBRIL S.A.,50564053000103
,BPAC11,Btgp Banco,BCO BTG PACTUAL S.A.,30306294000145
,BPAC3,Btgp Banco,BCO BTG PACTUAL S.A.,30306294000145
,BPAC5,Btgp Banco,BCO BTG PACTUAL S.A.,30306294000145
,BPAN12,Banco Pan,BCO PAN S.A.,59285411000113
,BPAN4,Banco Pan,BCO PAN S.A.,59285411000113
,BPAR3,Banpara,BCO ESTADO DO PARA S.A.,04913711000108
,BRAP3,Bradespar,BRADESPAR S.A.,03847461000192
,BRAP4,Bradespar,BRADESPAR S.A.,03847461000192
,BRBI11,BR Partners,BR ADVISORY PARTNERS PARTICIPAÇÕES S.A.,10739356000103
,BRFS3,BRF SA,BRF S.A.,01838723000127
,BRGE11,Alfa Consorc,CONSORCIO ALFA DE ADMINISTRACAO S.A.,17193806000146
,BRGE12,Alfa Consorc,CONSORCIO ALFA DE ADMINISTRACAO S.A.,17193806000146
,BRGE3,Alfa Consorc,CONSORCIO ALFA DE ADMINISTRACAO S.A.,17193806000146
,BRGE5,Alfa Consorc,CONSORCIO ALFA DE ADMINISTRACAO S.A.,17193806000146
,BRGE6,Alfa Consorc,CONSORCIO ALFA DE ADMINISTRACAO S.A.,17193806000146
,BRGE7,Alfa Consorc,CONSORCIO ALFA DE ADMINISTRACAO S.A.,17193806000146
,BRGE8,Alfa Consorc,CONSORCIO ALFA DE ADMINISTRACAO S.A.,17193806000146
,BRIT3,Brisanet,BRISANET PARTICIPAÇÕES S.A.,19796586000170
,BRIV3,Alfa Invest,BCO ALFA DE INVESTIMENTO S.A.,60770336000165
,BRIV4,Alfa Invest,BCO ALFA DE INVESTIMENTO S.A.,60770336000165
,BRKM3,Braskem,BRASKEM S.A.,42150391000170
,BRKM5,Braskem,BRASKEM S.A.,42150391000170
,BRKM6,Braskem,BRASKEM S.A.,42150391000170
,BRPR3,BR Propert,BR PROPERTIES S.A.,06977751000149
,BRQB3,Brq,BRQ SOLUCOES EM INFORMATICA S.A.,36542025000164
,BRSR3,Banrisul,BCO ESTADO DO RIO GRANDE DO SUL S.A.,92702067000196
,BRSR5,Banrisul,BCO ESTADO DO RIO GRANDE DO SUL S.A.,92702067000196
,BRSR6,Banrisul,BCO ESTADO DO RIO GRANDE DO SUL S.A.,92702067000196
,BSLI3,BRB Banco,BRB BCO DE BRASILIA S.A.,00000208000100
,BSLI4,BRB Banco,BRB BCO DE BRASILIA S.A.,00000208000100
,CABI3B,Cabinda Part,CABINDA PARTICIPACOES S.A.,04030182000102
,CALI3,Const A Lind,CONSTRUTORA ADOLPHO LINDENBERG S.A.,61022042000118
,CAMB3,Cambuci,CAMBUCI S.A.,61088894000108
,CAML3,Camil,CAMIL ALIMENTOS S.A.,64904295000103
,CASH3,Meliuz,MÉLIUZ S.A.,14110585000107
,CASN3,Casan,CIA CATARINENSE DE AGUAS E SANEAM.-CASAN,82508433000117
,CASN4,Casan,CIA CATARINENSE DE AGUAS E SANEAM.-CASAN,82508433000117
,CATA3,Ind Cataguas,CIA INDUSTRIAL CATAGUASES,19526748000150
,CATA4,Ind Cataguas,CIA INDUSTRIAL CATAGUASES,19526748000150
,CBAV3,Cba,COMPANHIA BRASILEIRA DE ALUMÍNIO,61409892000173
,CBEE3,Ampla Energ,AMPLA ENERGIA E SERVICOS S.A.,33050071000158
,CCRO3,CCR SA,CCR S.A.,02846056000197
,CEAB3,Cea Modas,CEA MODAS S.A.,45242914000105
,CEBR3,Ceb,CIA ENERGETICA DE BRASILIA,00070698000111
,CEBR5,Ceb,CIA ENERGETICA DE BRASILIA,00070698000111
,CEBR6,Ceb,CIA ENERGETICA DE BRASILIA,00070698000111
,CEDO3,Cedro,CIA FIACAO TECIDOS CEDRO CACHOEIRA,17245234000100
,CEDO4,Cedro,CIA FIACAO TECIDOS CEDRO CACHOEIRA,17245234000100
,CEEB3,Coelba,CIA ELETRICIDADE EST. DA BAHIA – COELBA,15139629000194
,CEEB5,Coelba,CIA ELETRICIDADE EST. DA BAHIA – COELBA,15139629000194
,CEEB6,Coelba,CIA ELETRICIDADE EST. DA BAHIA – COELBA,15139629000194
,CEED3,Ceee-D,CIA ESTADUAL DE DISTRIB ENER ELET-CEEE-D,08467115000100
,CEED4,Ceee-D,CIA ESTADUAL DE DISTRIB ENER ELET-CEEE-D,08467115000100
,CEGR3,Ceg,CIA DISTRIB DE GAS DO RIO DE JANEIRO-CEG,33938119000169
,CGAS3,Comgas,CIA GAS DE SAO PAULO – COMGAS,61856571000117
,CGAS5,Comgas,CIA GAS DE SAO PAULO – COMGAS,61856571000117
,CGRA3,Grazziotin,GRAZZIOTIN S.A.,92012467000170
,CGRA4,Grazziotin,GRAZZIOTIN S.A.,92012467000170
,CIEL3,Cielo,CIELO S.A.,01027058000191
,CLSA3,Clearsale,CLEAR SALE S.A.,03802115000198
,CLSC3,Celesc,CENTRAIS ELET DE SANTA CATARINA S.A.,83878892000155
,CLSC4,Celesc,CENTRAIS ELET DE SANTA CATARINA S.A.,83878892000155
,CMIG3,Cemig,CIA ENERGETICA DE MINAS GERAIS – CEMIG,17155730000164
,CMIG4,Cemig,CIA ENERGETICA DE MINAS GERAIS – CEMIG,17155730000164
,CMIN3,Csn Mineracao,CSN MINERAÇÃO S.A.,08902291000115
,CMSA3,Cims,CIMS S.A.,00272185000193
,CMSA4,Cims,CIMS S.A.,00272185000193
,CNSY3,Cinesystem,CINESYSTEM S.A.,07437016000105
,COCE3,Coelce,CIA ENERGETICA DO CEARA – COELCE,07047251000170
,COCE5,Coelce,CIA ENERGETICA DO CEARA – COELCE,07047251000170
,COCE6,Coelce,CIA ENERGETICA DO CEARA – COELCE,07047251000170
,COGN3,Cogna ON,COGNA EDUCAÇÃO S.A.,02800026000140
,COMR3,Comerc,COMERC PARTICIPACOES S.A,25369840000157
,CORR3,Cor Ribeiro,CORREA RIBEIRO S.A. COMERCIO E INDUSTRIA,15101405000193
,CORR4,Cor Ribeiro,CORREA RIBEIRO S.A. COMERCIO E INDUSTRIA,15101405000193
,CPFE3,CPFL Energia,CPFL ENERGIA S.A.,02429144000193
,CPLE11,Copel,CIA PARANAENSE DE ENERGIA – COPEL,76483817000120
,CPLE3,Copel,CIA PARANAENSE DE ENERGIA – COPEL,76483817000120
,CPLE5,Copel,CIA PARANAENSE DE ENERGIA – COPEL,76483817000120
,CPLE6,Copel,CIA PARANAENSE DE ENERGIA – COPEL,76483817000120
,CRDE3,Cr2,CR2 EMPREENDIMENTOS IMOBILIARIOS S.A.,07820907000146
,CRFB3,Carrefour BR,ATACADÃO S.A.,75315333000109
,CRIV3,Alfa Financ,FINANCEIRA ALFA S.A.- CRED FINANC E INVS,17167412000113
,CRIV4,Alfa Financ,FINANCEIRA ALFA S.A.- CRED FINANC E INVS,17167412000113
,CRPG3,Cristal,TRONOX PIGMENTOS DO BRASIL S.A.,15115504000124
,CRPG5,Cristal,TRONOX PIGMENTOS DO BRASIL S.A.,15115504000124
,CRPG6,Cristal,TRONOX PIGMENTOS DO BRASIL S.A.,15115504000124
,CRTE3B,Conc Rio Ter,CONC RIO-TERESOPOLIS S.A.,00938574000105
,CRTE5B,Conc Rio Ter,CONC RIO-TERESOPOLIS S.A.,00938574000105
,CSAB3,Seg Al Bahia,CIA SEGUROS ALIANCA DA BAHIA,15144017000190
,CSAB4,Seg Al Bahia,CIA SEGUROS ALIANCA DA BAHIA,15144017000190
,CSAN3,Cosan,COSAN S.A.,50746577000115
,CSED3,Cruzeiro Edu,CRUZEIRO DO SUL EDUCACIONAL S.A.,62984091000102
,CSMG3,Copasa,CIA SANEAMENTO DE MINAS GERAIS-COPASA MG,17281106000103
,CSNA3,Sid Nacional,CIA SIDERURGICA NACIONAL,33042730000104
,CSRN3,Cosern,CIA ENERGETICA DO RIO GDE NORTE – COSERN,08324196000181
,CSRN5,Cosern,CIA ENERGETICA DO RIO GDE NORTE – COSERN,08324196000181
,CSRN6,Cosern,CIA ENERGETICA DO RIO GDE NORTE – COSERN,08324196000181
,CSUD3,CSU DIGITAL,CSU DIGITAL S.A.,01896779000138
,CTCA3,Ctc S.A.,CTC – CENTRO DE TECNOLOGIA CANAVIEIRA S.A.,06981381000113
,CTKA3,Karsten,KARSTEN S.A.,82640558000104
,CTKA4,Karsten,KARSTEN S.A.,82640558000104
,CTNM3,Coteminas,CIA TECIDOS NORTE DE MINAS COTEMINAS,22677520000176
,CTNM4,Coteminas,CIA TECIDOS NORTE DE MINAS COTEMINAS,22677520000176
,CTSA3,Santanense,CIA TECIDOS SANTANENSE,21255567000189
,CTSA4,Santanense,CIA TECIDOS SANTANENSE,21255567000189
,CURY3,Cury S/A,CURY CONSTRUTORA E INCORPORADORA S.A.,08797760000183
,CVCB3,Cvc Brasil,CVC BRASIL OPERADORA E AGÊNCIA DE VIAGENS S.A.,10760260000119
,CXSE3,Caixa Seguri,CAIXA SEGURIDADE PARTICIPAÇÕES S.A.,22543331000100
,CYRE3,Cyrela Realt,CYRELA BRAZIL REALTY S.A.EMPREEND E PART,73178600000118
,DASA3,Dasa,DIAGNOSTICOS DA AMERICA S.A.,61486650000183
,DESK3,Desktopsigma,DESKTOP - SIGMANET COMUNICAÇÃO MULTIMÍDIA S.A,08170849000115
,DEXP3,Dexxos Par,DEXXOS PARTICIPACOES S.A.,02193750000152
,DEXP4,Dexxos Par,DEXXOS PARTICIPACOES S.A.,02193750000152
,DIRR3,Direcional,DIRECIONAL ENGENHARIA S.A.,16614075000100
,DMFN3,DMFINANCEIRA,DM FINANCEIRA S.A. - CRÉDITO. FINANC E INVEST,91669747000192
,DMVF3,D1000vfarma,D1000 VAREJO FARMA PARTICIPAÇÕES S.A.,12108897000150
,DOHL3,Dohler,DOHLER S.A.,84683408000103
,DOHL4,Dohler,DOHLER S.A.,84683408000103
,DOTZ3,Dotz SA,DOTZ S.A.,18174270000184
,DTCY3,Dtcom Direct,DTCOM – DIRECT TO COMPANY S.A.,03303999000136
,DTCY4,Dtcom Direct,DTCOM – DIRECT TO COMPANY S.A.,03303999000136
,DXCO3,Dexco,DURATEX S.A.,97837181000147
,EALT3,Aco Altona,ELECTRO ACO ALTONA S.A.,82643537000134
,EALT4,Aco Altona,ELECTRO ACO ALTONA S.A.,82643537000134
,ECOR3,Ecorodovias,ECORODOVIAS INFRAESTRUTURA E LOGÍSTICA S.A.,04149454000180
,EEEL3,Ceee-T,CIA ESTADUAL GER.TRANS.ENER.ELET-CEEE-GT,92715812000131
,EEEL4,Ceee-T,CIA ESTADUAL GER.TRANS.ENER.ELET-CEEE-GT,92715812000131
,EGIE3,Engie Brasil,ENGIE BRASIL ENERGIA S.A.,02474103000119
,EKTR3,Elektro,ELEKTRO REDES S.A.,02328280000197
,EKTR4,Elektro,ELEKTRO REDES S.A.,02328280000197
,ELET3,Eletrobras,CENTRAIS ELET BRAS S.A. – ELETROBRAS,00001180000126
,ELET5,Eletrobras,CENTRAIS ELET BRAS S.A. – ELETROBRAS,00001180000126
,ELET6,Eletrobras,CENTRAIS ELET BRAS S.A. – ELETROBRAS,00001180000126
,ELMD3,Eletromidia,ELETROMIDIA S.A.,09347516000181
,EMAE3,Emae,EMAE – EMPRESA METROP.AGUAS ENERGIA S.A.,02302101000142
,EMAE4,Emae,EMAE – EMPRESA METROP.AGUAS ENERGIA S.A.,02302101000142
,EMBR3,Embraer,EMBRAER S.A.,07689002000189
,ENAT3,Enauta Part,ENAUTA PARTICIPAÇÕES S.A.,11669021000110
,ENBR3,Energias BR,EDP – ENERGIAS DO BRASIL S.A.,03983431000103
,ENEV3,Eneva,ENEVA S.A,04423567000121
,ENGI11,Energisa,ENERGISA S.A.,00864214000106
,ENGI3,Energisa,ENERGISA S.A.,00864214000106
,ENGI4,Energisa,ENERGISA S.A.,00864214000106
,ENJU3,Enjoei,ENJOEI.COM.BR ATIVIDADES DE INTERNET S.A.,16922038000151
,ENMT3,Energisa Mt,ENERGISA MATO GROSSO-DISTRIBUIDORA DE ENERGIA S/A,03467321000199
,ENMT4,Energisa Mt,ENERGISA MATO GROSSO-DISTRIBUIDORA DE ENERGIA S/A,03467321000199
,EPAR3,Embpar S/A,EMBPAR PARTICIPACOES S.A.,42331462000131
,EQMA3B,Eqtl Maranhao,EQUATORIAL MARANHÃO DISTRIBUIDORA DE ENERGIA S.A.,06272793000184
,EQMA5B,Eqtl Maranhao,EQUATORIAL MARANHÃO DISTRIBUIDORA DE ENERGIA S.A.,06272793000184
,EQMA6B,Eqtl Maranhao,EQUATORIAL MARANHÃO DISTRIBUIDORA DE ENERGIA S.A.,06272793000184
,EQPA3,Eqtl Para,EQUATORIAL PARA DISTRIBUIDORA DE ENERGIA S.A.,04895728000180
,EQPA5,Eqtl Para,EQUATORIAL PARA DISTRIBUIDORA DE ENERGIA S.A.,04895728000180
,EQPA6,Eqtl Para,EQUATORIAL PARA DISTRIBUIDORA DE ENERGIA S.A.,04895728000180
,EQPA7,Eqtl Para,EQUATORIAL PARA DISTRIBUIDORA DE ENERGIA S.A.,04895728000180
,EQTL3,Equatorial,EQUATORIAL ENERGIA S.A.,03220438000173
,ESPA3,Espacolaser,MPM CORPÓREOS S.A.,26659061000159
,ESTR3,Estrela,MANUFATURA DE BRINQUEDOS ESTRELA S.A.,61082004000150
,ESTR4,Estrela,MANUFATURA DE BRINQUEDOS ESTRELA S.A.,61082004000150
,ETER3,Eternit,ETERNIT S.A.,61092037000181
,EUCA3,Eucatex,EUCATEX S.A. INDUSTRIA E COMERCIO,56643018000166
,EUCA4,Eucatex,EUCATEX S.A. INDUSTRIA E COMERCIO,56643018000166
,EUFA3,Elfa,Elfa Medicamentos S.A.,61190096000192
,EVEN3,Even,EVEN CONSTRUTORA E INCORPORADORA S.A.,43470988000165
,EZTC3,Eztec,EZ TEC EMPREEND. E PARTICIPACOES S.A.,08312229000173
,FESA3,Ferbasa,CIA FERRO LIGAS DA BAHIA – FERBASA,15141799000103
,FESA4,Ferbasa,CIA FERRO LIGAS DA BAHIA – FERBASA,15141799000103
,FHER3,Fer Heringer,FERTILIZANTES HERINGER S.A.,22266175000188
,FIGE3,Invest Bemge,INVESTIMENTOS BEMGE S.A.,01548981000179
,FIGE4,Invest Bemge,INVESTIMENTOS BEMGE S.A.,01548981000179
,FIQE3,Unifique,UNIFIQUE TELECOMUNICAÇÕES S.A.,02255187000108
,FLEX3,Flex S/A,FLEX GESTÃO DE RELACIONAMENTOS S.A.,10851805000100
,FLRY3,Fleury,FLEURY S.A.,60840055000131
,FRAS3,Fras-Le,FRAS-LE S.A.,88610126000129
,FRIO3,Metalfrio,METALFRIO SOLUTIONS S.A.,04821041000108
,FRRN3B,All Norte,RUMO MALHA NORTE S.A.,24962466000136
,FRRN5B,All Norte,RUMO MALHA NORTE S.A.,24962466000136
,FRRN6B,All Norte,RUMO MALHA NORTE S.A.,24962466000136
,FRTA3,Pomifrutas,POMIFRUTAS S/A,86550951000150
,G2DI33,G2d Invest,G2D INVESTMENTS LTD,38307135000177
,GEPA3,Ger Paranap,RIO PARANAPANEMA ENERGIA S.A.,02998301000181
,GEPA4,Ger Paranap,RIO PARANAPANEMA ENERGIA S.A.,02998301000181
,GFSA3,Gafisa,GAFISA S.A.,01545826000107
,GGBR3,Gerdau,GERDAU S.A.,33611500000119
,GGBR4,Gerdau,GERDAU S.A.,33611500000119
,GGPS3,Gps,GPS PARTICIPACOES E EMPREENDIMENTOS S.A.,09229201000130
,GMAT3,Grupo Mateus,GRUPO MATEUS S.A.,24990777000109
,GOAU3,Gerdau Met,METALURGICA GERDAU S.A.,92690783000109
,GOAU4,Gerdau Met,METALURGICA GERDAU S.A.,92690783000109
,GOLL3,Gol,GOL LINHAS AEREAS INTELIGENTES S.A.,06164253000187
,GOLL4,Gol,GOL LINHAS AEREAS INTELIGENTES S.A.,06164253000187
,GPAR3,Celgpar,CIA CELG DE PARTICIPACOES – CELGPAR,08560444000193
,GPIV33,GP Invest,"GP INVESTMENTS, LTD.",07857850000150
,GRAO3,Agribrasil,HUMBERG AGRIBRASIL COM. E EXPORT. DE GRÃOS S.A.,18483666000103
,GRND3,Grendene,GRENDENE S.A.,89850341000160
,GSHP3,Generalshopp,GENERAL SHOPPING E OUTLETS DO BRASIL S.A.,08764621000153
,GUAR3,Guararapes,GUARARAPES CONFECCOES S.A.,08402943000152
,HAGA3,Haga S/A,HAGA S.A. INDUSTRIA E COMERCIO,30540991000166
,HAGA4,Haga S/A,HAGA S.A. INDUSTRIA E COMERCIO,30540991000166
,HAPV3,Hapvida,HAPVIDA PARTICIPACOES E INVESTIMENTOS SA,05197443000138
,HBOR3,Helbor,HELBOR EMPREENDIMENTOS S.A.,49263189000102
,HBRE3,Hbr Realty,HBR REALTY EMPREENDIMENTOS IMOBILIARIOS S/A,14785152000151
,HBSA3,Hidrovias,HIDROVIAS DO BRASIL S.A.,12648327000153
,HBTS3,Habitasul,CIA HABITASUL DE PARTICIPACOES,87762563000103
,HBTS5,Habitasul,CIA HABITASUL DE PARTICIPACOES,87762563000103
,HBTS6,Habitasul,CIA HABITASUL DE PARTICIPACOES,87762563000103
,HETA3,Hercules,HERCULES S.A. FABRICA DE TALHERES,92749225000163
,HETA4,Hercules,HERCULES S.A. FABRICA DE TALHERES,92749225000163
,HMOB3,Hmobi S/A,HMOBI PARTICIPAÇÕES S.A.,40159947000164
,HOOT3,Hoteis Othon,HOTEIS OTHON S.A.,33200049000147
,HOOT4,Hoteis Othon,HOTEIS OTHON S.A.,33200049000147
,HYPE3,Hypera,HYPERA S.A.,02932074000191
,IFCM3,Infracomm,NFRACOMMERCE CXAAS S.A.,38456921000136
,IGBR3,IGB S/A,IGB ELETRÔNICA S/A,43185362000107
,IGSN3,Igua SA,IGUA SANEAMENTO S.A.,08159965000133
,IGTI11,Iguatemi SA,JEREISSATI PARTICIPACOES S.A.,60543816000193
,IGTI3,Iguatemi SA,JEREISSATI PARTICIPACOES S.A.,60543816000193
,IGTI4,Iguatemi SA,JEREISSATI PARTICIPACOES S.A.,60543816000193
,INEP3,Inepar,INEPAR S.A. INDUSTRIA E CONSTRUCOES,76627504000106
,INEP4,Inepar,INEPAR S.A. INDUSTRIA E CONSTRUCOES,76627504000106
,INNT3,Inter SA,INTER CONSTRUTORA E INCORPORADORA S.A.,09611768000176
,INTB3,Intelbras,INTELBRAS S.A. IND DE TELEC ELETRONICA BRASILEIRA,82901000000127
,IRBR3,Irbbrasil Re,IRB – BRASIL RESSEGUROS S.A.,33376989000191
,ITSA3,Itausa,ITAUSA S.A.,61532644000115
,ITSA4,Itausa,ITAUSA S.A.,61532644000115
,ITUB3,ItauUnibanco,ITAU UNIBANCO HOLDING S.A.,60872504000123
,ITUB4,ItauUnibanco,ITAU UNIBANCO HOLDING S.A.,60872504000123
,IVPR3B,Invepar,INVESTIMENTOS E PARTICIP. EM INFRA S.A. – INVEPAR,03758318000124
,IVPR4B,Invepar,INVESTIMENTOS E PARTICIP. EM INFRA S.A. – INVEPAR,03758318000124
,JALL3,Jallesmachad,JALLES MACHADO S.A.,02635522000195
,JBSS3,JBS,JBS S.A.,02916265000160
,JFEN3,JOAO FORTES,JOAO FORTES ENGENHARIA S.A.,33035536000100
,JHSF3,JHSF Part,JHSF PARTICIPACOES S.A.,08294224000165
,JOPA3,Josapar,JOSAPAR-JOAQUIM OLIVEIRA S.A. – PARTICIP,87456562000122
,JOPA4,Josapar,JOSAPAR-JOAQUIM OLIVEIRA S.A. – PARTICIP,87456562000122
,JSLG3,JSL,JSL S.A.,52548435000179
,KEPL3,Kepler Weber,KEPLER WEBER S.A.,91983056000169
,KLAS3,Kallas,KALLAS INCORPORACOES E CONSTRUCOES S.A.,09146451000106
,KLBN11,Klabin S/A,KLABIN S.A.,89637490000145
,KLBN3,Klabin S/A,KLABIN S.A.,89637490000145
,KLBN4,Klabin S/A,KLABIN S.A.,89637490000145
,KRSA3,Kora Saude,KORA SAÚDE PARTICIPAÇÕES S.A,13270520000166
,LAND3,Terrasantapa,TERRA SANTA PROPRIEDADES AGRICOLAS S.A.,40337136000106
,LAVV3,Lavvi,LAVVI EMPREENDIMENTOS IMOBILIÁRIOS S.A.,26462693000128
,LEVE3,Metal Leve,MAHLE-METAL LEVE S.A.,60476884000187
,LIGT3,Light S/A,LIGHT S.A.,03378521000175
,LIPR3,Eletropar,ELETROBRÁS PARTICIPAÇÕES S.A. – ELETROPAR,01104937000170
,LJQQ3,Quero-Quero,LOJAS QUERO-QUERO S/A,96418264021802
,LLBI3,Le Biscuit,LOJAS LE BISCUIT S.A.,16233389000155
,LLBI4,Le Biscuit,LOJAS LE BISCUIT S.A.,16233389000155
,LMED3,Lifemed,LIFEMED INDUSTRIAL EQUIP. DE ART. MÉD. HOSP. S.A.,02357251000153
,LOGG3,Log Com Prop,LOG COMMERCIAL PROPERTIES,09041168000110
,LOGN3,Log-In,LOG-IN LOGISTICA INTERMODAL S.A.,42278291000124
,LPSB3,Lopes Brasil,LPS BRASIL – CONSULTORIA DE IMOVEIS S.A.,08078847000109
,LREN3,Lojas Renner,LOJAS RENNER S.A.,92754738000162
,LTEL3B,Litel,LITEL PARTICIPACOES S.A.,00743065000127
,LTLA3B,Litela,LITELA PARTICIPAÇÕES S.A.,05495546000184
,LUPA3,Lupatech,LUPATECH S.A.,89463822000112
,LUXM3,Trevisa,TREVISA INVESTIMENTOS S.A.,92660570000126
,LUXM4,Trevisa,TREVISA INVESTIMENTOS S.A.,92660570000126
,LVTC3,Wdc Networks,LIVETECH DA BAHIA INDUSTRIA E COMERCIO S.A,05917486000140
,LWSA3,Locaweb,LOCAWEB SERVIÇOS DE INTERNET S.A.,02351877000152
,MAPT3,Cemepe,CEMEPE INVESTIMENTOS S.A.,93828986000173
,MAPT4,Cemepe,CEMEPE INVESTIMENTOS S.A.,93828986000173
,MATD3,Mater Dei,HOSPITAL MATER DEI AS,16676520000159
,MBLY3,Mobly,Mobly S.A.,31553627000101
,MDIA3,M.Diasbranco,M.DIAS BRANCO S.A. IND COM DE ALIMENTOS,07206816000115
,MDNE3,Moura Dubeux,MOURA DUBEUX ENGENHARIA S/A,12049631000184
,MEAL3,Imc S/A,INTERNATIONAL MEAL COMPANY ALIMENTACAO S.A.,17314329000120
,MEGA3,Omegaenergia,OMEGA ENERGIA S.A.,42500384000151
,MELK3,Melnick,MELNICK DESENVOLVIMENTO IMOBILIÁRIO S.A.,12181987000177
,MERC3,Merc Financ,MERCANTIL BRASIL FINANC S.A. C.F.I.,33040601000187
,MERC4,Merc Financ,MERCANTIL BRASIL FINANC S.A. C.F.I.,33040601000187
,MGEL3,Mangels Indl,MANGELS INDUSTRIAL S.A.,61065298000102
,MGEL4,Mangels Indl,MANGELS INDUSTRIAL S.A.,61065298000102
,MGLU3,Magaz Luiza,MAGAZINE LUIZA S.A.,47960950000121
,MILS3,Mills,MILLS ESTRUTURAS E SERVIÇOS DE ENGENHARIA S.A.,27093558000115
,MLAS3,Multilaser,MULTILASER INDUSTRIAL S.A.,59717553000102
,MMAQ3,Minasmaquina,MINASMAQUINAS S.A.,17161241000115
,MMAQ4,Minasmaquina,MINASMAQUINAS S.A.,17161241000115
,MNDL3,Mundial,MUNDIAL S.A. – PRODUTOS DE CONSUMO,88610191000154
,MNPR3,Minupar,MINUPAR PARTICIPACOES S.A.,90076886000140
,MNZC3B,Menezes Cort,TERMINAL GARAGEM MENEZES CORTES S.A.,02664042000152
,MOAR3,Mont Aranha,MONTEIRO ARANHA S.A.,33102476000192
,MODL3,Modalmais,BANCO MODAL S.A,30723886000162
,MOVI3,Movida,MOVIDA PARTICIPACOES SA,21314559000166
,MRFG3,Marfrig,MARFRIG GLOBAL FOODS S.A.,03853896000140
,MRSA3B,Mrs Logist,MRS LOGISTICA S.A.,01417222000177
,MRSA5B,Mrs Logist,MRS LOGISTICA S.A.,01417222000177
,MRSA6B,Mrs Logist,MRS LOGISTICA S.A.,01417222000177
,MRVE3,MRV,MRV ENGENHARIA E PARTICIPACOES S.A.,08343492000120
,MSPA3,Melhor SP,CIA MELHORAMENTOS DE SAO PAULO,60730348000166
,MSPA4,Melhor SP,CIA MELHORAMENTOS DE SAO PAULO,60730348000166
,MSRO3,Maestroloc,MAESTRO LOCADORA DE VEICULOS S.A.,08795211000170
,MTRE3,Mitre Realty,MITRE REALTY EMPREENDIMENTOS E PARTICIPAÇÕES S.A.,07882930000165
,MTSA3,Metisa,METISA METALURGICA TIMBOENSE S.A.,86375425000109
,MTSA4,Metisa,METISA METALURGICA TIMBOENSE S.A.,86375425000109
,MULT3,Multiplan,MULTIPLAN – EMPREEND IMOBILIARIOS S.A.,07816890000153
,MWET3,Wetzel S/A,WETZEL S.A.,84683671000194
,MWET4,Wetzel S/A,WETZEL S.A.,84683671000194
,MYPK3,Iochp-Maxion,IOCHPE MAXION S.A.,61156113000175
,NEMO3,Suzano Hold,SUZANO HOLDING S.A.,60651809000105
,NEMO5,Suzano Hold,SUZANO HOLDING S.A.,60651809000105
,NEMO6,Suzano Hold,SUZANO HOLDING S.A.,60651809000105
,NEOE3,Neoenergia,NEOENERGIA S.A.,01083200000118
,NEXP3,NEXPE,NEXPE PARTICIPAÇÕES S.A,08613550000198
,NGRD3,Neogrid,NEOGRID PARTICIPACOES S.A.,10139870000108
,NINJ3,Getninjas,GETNINJAS S.A.,14127813000151
,NORD3,Nordon Met,NORDON INDUSTRIAS METALURGICAS S.A.,60884319000159
,NRTQ3,Nortcquimica,NORTEC QUÍMICA S.A.,29950060000157
,NTCO3,Grupo Natura,NATURA &CO HOLDING S.A.,32785497000197
,NUBR33,NU-NUBANK,NU HOLDINGS LTD,24410913000144
,NUTR3,Nutriplant,NUTRIPLANT INDUSTRIA E COMERCIO S.A.,51128999000190
,ODER3,Oderich,CONSERVAS ODERICH S.A.,97191902000194
,ODER4,Oderich,CONSERVAS ODERICH S.A.,97191902000194
,ODPV3,Odontoprev,ODONTOPREV S.A.,58119199000151
,OFSA3,Ourofino S/A,OURO FINO SAUDE ANIMAL PARTICIPACOES S.A.,20258278000170
,OIBR3,Oi,OI S.A.,76535764000143
,OIBR4,Oi,OI S.A.,76535764000143
,ONCO3,Oncoclinicas,ONCOCLINICAS DO BRASIL SERVICOS MEDICOS S.A.,12104241000402
,OPCT3,Oceanpact,OCEANPACT SERVICOS MARITIMOS S.A.,09114805000130
,OPGM3B,Gama Part,GAMA PARTICIPACOES S.A.,02796775000140
,OPSE3B,Sudeste S/A,SUDESTE S.A.,02062747000108
,OPTS3B,Sul 116 Part,SUL 116 PARTICIPACOES S.A.,01957772000189
,ORVR3,Orizon,ORIZON VALORIZACAO DE RESIDUOS S.A.,11421994000136
,OSXB3,OSX Brasil,OSX BRASIL S.A.,09112685000132
,PARD3,Ihpardini,INSTITUTO HERMES PARDINI S.A.,19378769000176
,PASS3,Compass Gas,COMPASS GÁS E ENERGIA S.A.,21389501000181
,PASS6,Compass Gas,COMPASS GÁS E ENERGIA S.A.,21389501000181
,PATI3,Panatlantica,PANATLANTICA S.A.,92693019000189
,PATI4,Panatlantica,PANATLANTICA S.A.,92693019000189
,PCAR3,P.Acucar-Cbd,CIA BRASILEIRA DE DISTRIBUICAO,47508411000156
,PDGR3,PDG Realt,PDG REALTY S.A. EMPREEND E PARTICIPACOES,02950811000189
,PDTC3,Padtec,PADTEC HOLDING S.A.,02365069000144
,PEAB3,Par Al Bahia,CIA PARTICIPACOES ALIANCA DA BAHIA,01938783000111
,PEAB4,Par Al Bahia,CIA PARTICIPACOES ALIANCA DA BAHIA,01938783000111
,PETR3,Petrobras,PETROLEO BRASILEIRO S.A. PETROBRAS,33000167000101
,PETR4,Petrobras,PETROLEO BRASILEIRO S.A. PETROBRAS,33000167000101
,PETZ3,Petz,PET CENTER COMERCIO  E PARTICIPACOES S.A.,18328118000109
,PFRM3,Profarma,PROFARMA DISTRIB PROD FARMACEUTICOS S.A.,45453214000151
,PGMN3,Pague Menos,EMPREENDIMENTOS PAGUE MENOS S.A.,06626253000151
,PINE3,Pine,BCO PINE S.A.,62144175000120
,PINE4,Pine,BCO PINE S.A.,62144175000120
,PLAS3,Plascar Part,PLASCAR PARTICIPACOES INDUSTRIAIS S.A.,51928174000150
,PLPL3,Planoeplano,PLANO & PLANO DESENVOLVIMENTO IMOBILIÁRIO S.A.,24230275000180
,PMAM3,Paranapanema,PARANAPANEMA S.A.,60398369000126
,PNVL3,Dimed,DIMED S.A. DISTRIBUIDORA DE MEDICAMENTOS,92665611000177
,POMO3,Marcopolo,MARCOPOLO S.A.,88611835000129
,POMO4,Marcopolo,MARCOPOLO S.A.,88611835000129
,PORT3,Wilson Sons,WILSON SONS HOLDINGS BRASIL S.A.,33130691000105
,POSI3,Positivo Tec,POSITIVO TECNOLOGIA S.A.,81243735000148
,PPAR3,Polpar,POLPAR S.A.,59789545000171
,PPLA11,Ppla,PPLA PARTICIPATIONS LTD.,15073274000188
,PRIO3,Petrorio,PETRO RIO S.A.,10629105000168
,PRNR3,Priner,PRINER SERVIÇOS INDUSTRIAIS S.A.,18593815000197
,PRPT3B,Prompt Part,PROMPT PARTICIPACOES S.A.,02992449000109
,PSSA3,Porto Seguro,PORTO SEGURO S.A.,02149205000169
,PTBL3,Portobello,PBG S/A,83475913000191
,PTCA11,Pratica,PRATICA KLIMAQUIP INDUSTRIA E COMERCIO SA,08574411000100
,PTCA3,Pratica,PRATICA KLIMAQUIP INDUSTRIA E COMERCIO SA,08574411000100
,PTNT3,Pettenati,PETTENATI S.A. INDUSTRIA TEXTIL,88613658000110
,PTNT4,Pettenati,PETTENATI S.A. INDUSTRIA TEXTIL,88613658000110
,QUAL3,Qualicorp,QUALICORP CONSULTORIA E CORRETORA DE SEGUROS S.A.,11992680000193
,QUSW3,Quality Soft,QUALITY SOFTWARE S.A.,35791391000194
,QVQP3B,524 Particip,524 PARTICIPACOES S.A.,01851771000155
,RADL3,RaiaDrogasil,RAIA DROGASIL S.A.,61585865000151
,RAIL3,Rumo S.A.,RUMO S.A.,02387241000160
,RAIZ4,Raizen,RAIZEN S.A.,33453598000123
,RANI3,Irani,IRANI PAPEL E EMBALAGEM S.A.,92791243000103
,RAPT3,Randon Part,RANDON S.A. IMPLEMENTOS E PARTICIPACOES,89086144000116
,RAPT4,Randon Part,RANDON S.A. IMPLEMENTOS E PARTICIPACOES,89086144000116
,RBNS11,Rodobens,RODOBENS S.A,59981829000165
,RCSL3,Recrusul,RECRUSUL S.A.,91333666000117
,RCSL4,Recrusul,RECRUSUL S.A.,91333666000117
,RDNI3,Rni,RNI NEGÓCIOS IMOBILIÁRIOS S.A.,67010660000124
,RDOR3,Rede D Or,Rede DOr São Luiz S.A.,06047087000139
,RECV3,Petrorecsa,PETRORECÔNCAVO S.A.,03342704000130
,REDE3,Rede Energia,REDE ENERGIA PARTICIPAÇÕES S.A.,61584140000149
,RENT3,Localiza,LOCALIZA RENT A CAR S.A.,16670085000155
,RNEW11,Renova,RENOVA ENERGIA S.A.,08534605000174
,RNEW3,Renova,RENOVA ENERGIA S.A.,08534605000174
,RNEW4,Renova,RENOVA ENERGIA S.A.,08534605000174
,ROMI3,Inds Romi,INDUSTRIAS ROMI S.A.,56720428000163
,RPAD3,Alfa Holding,ALFA HOLDINGS S.A.,17167396000169
,RPAD5,Alfa Holding,ALFA HOLDINGS S.A.,17167396000169
,RPAD6,Alfa Holding,ALFA HOLDINGS S.A.,17167396000169
,RPMG3,Pet Manguinh,REFINARIA DE PETROLEOS MANGUINHOS S.A.,33412081000196
,RRRP3,3r Petroleum,3R PETROLEUM ÓLEO E GÁS S.A,12091809000155
,RSID3,Rossi Resid,ROSSI RESIDENCIAL S.A.,61065751000180
,RSUL3,Riosulense,METALURGICA RIOSULENSE S.A.,85778074000106
,RSUL4,Riosulense,METALURGICA RIOSULENSE S.A.,85778074000106
,SANB11,Santander BR,BCO SANTANDER (BRASIL) S.A.,90400888000142
,SANB3,Santander BR,BCO SANTANDER (BRASIL) S.A.,90400888000142
,SANB4,Santander BR,BCO SANTANDER (BRASIL) S.A.,90400888000142
,SANB99,Santander BR,BCO SANTANDER (BRASIL) S.A.,90400888000142
,SAPR11,Sanepar,CIA SANEAMENTO DO PARANA – SANEPAR,76484013000145
,SAPR3,Sanepar,CIA SANEAMENTO DO PARANA – SANEPAR,76484013000145
,SAPR4,Sanepar,CIA SANEAMENTO DO PARANA – SANEPAR,76484013000145
,SBFG3,Grupo Sbf,GRUPO SBF SA,13217485000111
,SBSP3,Sabesp,CIA SANEAMENTO BASICO EST SAO PAULO,43776517000180
,SCAR3,Sao Carlos,SAO CARLOS EMPREEND E PARTICIPACOES S.A.,29780061000109
,SEER3,Ser Educa,SER EDUCACIONAL S.A.,04986320000113
,SEQL3,Sequoia Log,SEQUOIA LOGISTICA E TRANSPORTES S.A,01599101000193
,SGPS3,Springs,SPRINGS GLOBAL PARTICIPACOES S.A.,07718269000157
,SHOW3,Time For Fun,T4F ENTRETENIMENTO S.A.,02860694000162
,SHUL3,Schulz,SCHULZ S.A.,84693183000168
,SHUL4,Schulz,SCHULZ S.A.,84693183000168
,SIMH3,Simpar,SIMPAR S.A.,07415333000120
,SLCE3,SLC Agricola,SLC AGRICOLA S.A.,89096457000155
,SLED3,Saraiva Livr,SARAIVA LIVREIROS S.A. – EM RECUPERAÇÃO JUDICIAL,60500139000126
,SLED4,Saraiva Livr,SARAIVA LIVREIROS S.A. – EM RECUPERAÇÃO JUDICIAL,60500139000126
,SMFT3,Smart Fit,SMARTFIT ESCOLA DE GINÁSTICA E DANÇA S.A.,07594978000178
,SMTO3,Sao Martinho,SAO MARTINHO S.A.,51466860000156
,SNSY3,Sansuy,SANSUY S.A. INDUSTRIA DE PLASTICOS,14807945000124
,SNSY5,Sansuy,SANSUY S.A. INDUSTRIA DE PLASTICOS,14807945000124
,SNSY6,Sansuy,SANSUY S.A. INDUSTRIA DE PLASTICOS,14807945000124
,SOJA3,Boa Safra,BOA SAFRA SEMENTES S.A.,10807374000177
,SOMA3,Grupo Soma,GRUPO DE MODA SOMA S.A.,10285590000108
,SOND3,Sondotecnica,SONDOTECNICA ENGENHARIA SOLOS S.A.,33386210000119
,SOND5,Sondotecnica,SONDOTECNICA ENGENHARIA SOLOS S.A.,33386210000119
,SOND6,Sondotecnica,SONDOTECNICA ENGENHARIA SOLOS S.A.,33386210000119
,SQIA3,Sinqia,SINQIA S.A.,04065791000199
,STBP3,Santos Brp,SANTOS BRASIL PARTICIPACOES S.A.,02762121000104
,STKF3,Statkraft,STATKRAFT ENERGIAS RENOVAVEIS S.A.,00622416000141
,SUZB3,Suzano S.A.,SUZANO S.A.,16404287000155
,SYNE3,Syn Prop Tec,SYN PROP E TECH S.A.,08801621000186
,TAEE11,Taesa,TRANSMISSORA ALIANÇA DE ENERGIA ELÉTRICA S.A.,07859971000130
,TAEE3,Taesa,TRANSMISSORA ALIANÇA DE ENERGIA ELÉTRICA S.A.,07859971000130
,TAEE4,Taesa,TRANSMISSORA ALIANÇA DE ENERGIA ELÉTRICA S.A.,07859971000130
,TASA3,Taurus Armas,TAURUS ARMAS S.A.,92781335000102
,TASA4,Taurus Armas,TAURUS ARMAS S.A.,92781335000102
,TCNO3,Tecnosolo,TECNOSOLO ENGENHARIA S.A.,33111246000190
,TCNO4,Tecnosolo,TECNOSOLO ENGENHARIA S.A.,33111246000190
,TCSA3,Tecnisa,TECNISA S.A.,08065557000112
,TECN3,Technos,TECHNOS S.A.,09295063000197
,TEGA3,Tegra Incorp,TEGRA INCORPORADORA S.A.,30213493000109
,TEKA3,Teka,TEKA-TECELAGEM KUEHNRICH S.A.,82636986000155
,TEKA4,Teka,TEKA-TECELAGEM KUEHNRICH S.A.,82636986000155
,TELB3,Telebras,TELEC BRASILEIRAS S.A. TELEBRAS,00336701000104
,TELB4,Telebras,TELEC BRASILEIRAS S.A. TELEBRAS,00336701000104
,TEND3,Tenda,CONSTRUTORA TENDA S.A.,71476527000135
,TFCO4,Track Field,TRACK & FIELD CO S.A.,59418806000147
,TGMA3,Tegma,TEGMA GESTAO LOGISTICA S.A.,02351144000118
,TIMS3,Tim,TIM S.A.,02421421000111
,TKNO3,Tekno,TEKNO S.A. – INDUSTRIA E COMERCIO,33467572000134
,TKNO4,Tekno,TEKNO S.A. – INDUSTRIA E COMERCIO,33467572000134
,TOTS3,Totvs,TOTVS S.A.,53113791000122
,TPIS3,Triunfo Part,TPI – TRIUNFO PARTICIP. E INVEST. S.A.,03014553000191
,TRAD3,Tc,TC TRADERS CLUB S.A.,26345998000150
,TRIS3,Trisul,TRISUL S.A.,08811643000127
,TRPL3,Tran Paulist,CTEEP – CIA TRANSMISSÃO ENERGIA ELÉTRICA PAULISTA,02998611000104
,TRPL4,Tran Paulist,CTEEP – CIA TRANSMISSÃO ENERGIA ELÉTRICA PAULISTA,02998611000104
,TTEN3,3tentos,TRÊS TENTOS AGROINDUSTRIAL SA,94813102000170
,TUPY3,Tupy,TUPY S.A.,84683374000149
,TXRX3,Tex Renaux,TEXTIL RENAUXVIEW S.A.,82982075000180
,TXRX4,Tex Renaux,TEXTIL RENAUXVIEW S.A.,82982075000180
,UCAS3,Unicasa,UNICASA INDÚSTRIA DE MÓVEIS S.A.,90441460000148
,UGPA3,Ultrapar,ULTRAPAR PARTICIPACOES S.A.,33256439000139
,UNIP3,Unipar,UNIPAR CARBOCLORO S.A.,33958695000178
,UNIP5,Unipar,UNIPAR CARBOCLORO S.A.,33958695000178
,UNIP6,Unipar,UNIPAR CARBOCLORO S.A.,33958695000178
,UPKP3B,Uptick,UPTICK PARTICIPACOES S.A.,02162616000194
,USIM3,Usiminas,USINAS SID DE MINAS GERAIS S.A.-USIMINAS,60894730000105
,USIM5,Usiminas,USINAS SID DE MINAS GERAIS S.A.-USIMINAS,60894730000105
,USIM6,Usiminas,USINAS SID DE MINAS GERAIS S.A.-USIMINAS,60894730000105
,VALE3,Vale,VALE S.A.,33592510000154
,VAMO3,Vamos,"VAMOS LOCAÇÃO DE CAMINHÕES, MÁQUINAS E EQUIP. S.A.",23373000000132
,VBBR3,Vibra,VIBRA ENERGIA S.A.,34274233000102
,VIIA3,Via,VIA S.A,33041260065290
,VITT3,Vittia,VITTIA FERTILIZANTES E BIOLOGICOS S.A.,45365558000109
,VIVA3,Vivara S.A.,VIVARA PARTICIPAÇOES S.A,33839910000111
,VIVR3,Viver,VIVER INCORPORADORA E CONSTRUTORA S.A.,67571414000141
,VIVT3,Telef Brasil,TELEFÔNICA BRASIL S.A,02558157000162
,VLID3,Valid,VALID SOLUÇÕES S.A.,33113309000147
,VSTE3,VESTE,VESTE S.A. ESTILO,49669856000143
,VULC3,Vulcabras,VULCABRAS/AZALEIA S.A.,50926955000142
,VVEO3,Viveo,CM HOSPITALAR S.A.,12420164000157
,WEGE3,Weg,WEG S.A.,84429695000111
,WEST3,Westwing,WESTWING COMERCIO VAREJISTA S.A.,14776142000150
,WHRL3,Whirlpool,WHIRLPOOL S.A.,59105999000186
,WHRL4,Whirlpool,WHIRLPOOL S.A.,59105999000186
,WIZC3,WIZ CO,WIZ CO PARTICIPAÇÕES E CORRETAGEM DE SEGUROS S.A.,42278473000103
,WLMM3,Wlm Ind Com,WLM PART. E COMÉRCIO DE MÁQUINAS E VEÍCULOS S.A.,33228024000151
,WLMM4,Wlm Ind Com,WLM PART. E COMÉRCIO DE MÁQUINAS E VEÍCULOS S.A.,33228024000151
,YBRA3B,Ybyra S/A,YBRA3 TENNOLOGIA LTDA,02217319000107
,YDUQ3,Yduqs Part,YDUQS PARTICIPACOES S.A.,08807432000110
,ZAMP3,ZAMP S.A.,ZAMP S.A.,13574594000196
